<?xml version='1.0' encoding='utf-8'?>

<!DOCTYPE hibernate-configuration PUBLIC
        "-//Hibernate/Hibernate Configuration DTD 3.0//EN"
        "http://www.hibernate.org/dtd/hibernate-configuration-3.0.dtd">

<hibernate-configuration>

	<session-factory>

		<!-- Database connection settings -->
		<property name="connection.driver_class">com.mysql.jdbc.Driver</property>
		<property name="connection.url">jdbc:mysql://localhost:3306/test</property>
		<property name="connection.username">root</property>
		<property name="connection.password">secret</property>

		<!-- SQL dialect -->
		<property name="dialect">org.hibernate.dialect.MySQL57InnoDBDialect</property>

		<!-- Disable the second-level cache -->
		<property name="hibernate.cache.use_second_level_cache">true</property>
		<property name="hibernate.cache.use_query_cache">true</property>
		<property name="hibernate.cache.region.factory_class">org.hibernate.cache.ehcache.EhCacheRegionFactory</property>

		<property name="hibernate.cache.provider_class">net.sf.ehcache.hibernate.EhCacheProvider</property>


		<!-- Echo all executed SQL to stdout -->
		<property name="show_sql">true</property>

		<!-- Drop and re-create the database schema on startup -->
		<property name="hbm2ddl.auto">update</property>


		<property name="hibernate.c3p0.min_size">5</property>
		<property name="hibernate.c3p0.max_size">20</property>
		<property name="hibernate.c3p0.timeout">300</property>
		<property name="hibernate.c3p0.max_statements">50</property>
		<property name="hibernate.c3p0.idle_test_period">3000</property>

		<!-- Names the annotated entity class -->
		<mapping class="org.web.model.Users" />
		<mapping class="org.web.model.Contact" />

	</session-factory>

</hibernate-configuration>


